timeStamp,elapsed,label,responseCode,responseMessage,threadName,dataType,success,failureMessage,bytes,sentBytes,grpThreads,allThreads,URL,Latency,IdleTime,Connect
1655813619428,8900,[PET] GET PET BY ID,Non HTTP response code: java.net.SocketException,Non HTTP response message: Socket operation on nonsocket: connect,Clients 1-90,text,false,,2446,0,150,150,http://192.168.0.198:8080/v1/pet/47,0,0,8900
1655813620000,8329,[PET] GET PET BY ID,Non HTTP response code: java.net.SocketException,Non HTTP response message: Socket operation on nonsocket: connect,Clients 1-3,text,false,,2446,0,150,150,http://192.168.0.198:8080/v1/pet/53,0,0,8329
1655813619605,8725,[PET] GET PET BY ID,Non HTTP response code: java.net.SocketException,Non HTTP response message: Socket operation on nonsocket: connect,Clients 1-58,text,false,,2446,0,150,150,http://192.168.0.198:8080/v1/pet/79,0,0,8725
1655813619759,8571,[PET] GET PET BY ID,Non HTTP response code: java.net.SocketException,Non HTTP response message: Socket operation on nonsocket: connect,Clients 1-32,text,false,,2446,0,150,150,http://192.168.0.198:8080/v1/pet/73,0,0,8571
1655813619680,8651,[PET] GET PET BY ID,Non HTTP response code: java.net.SocketException,Non HTTP response message: Socket operation on nonsocket: connect,Clients 1-53,text,false,,2446,0,146,146,http://192.168.0.198:8080/v1/pet/38,0,0,8651
1655813619529,8802,[PET] GET PET BY ID,Non HTTP response code: java.net.SocketException,Non HTTP response message: Socket operation on nonsocket: connect,Clients 1-70,text,false,,2446,0,145,145,http://192.168.0.198:8080/v1/pet/27,0,0,8802
1655813619838,8493,[PET] GET PET BY ID,Non HTTP response code: java.net.SocketException,Non HTTP response message: Socket operation on nonsocket: connect,Clients 1-29,text,false,,2446,0,145,145,http://192.168.0.198:8080/v1/pet/90,0,0,8493
1655813619105,9225,[PET] GET PET BY ID,Non HTTP response code: java.net.SocketException,Non HTTP response message: Socket operation on nonsocket: connect,Clients 1-145,text,false,,2446,0,143,143,http://192.168.0.198:8080/v1/pet/12,0,0,9225
1655813619358,8972,[PET] GET PET BY ID,Non HTTP response code: java.net.SocketException,Non HTTP response message: Socket operation on nonsocket: connect,Clients 1-93,text,false,,2446,0,142,142,http://192.168.0.198:8080/v1/pet/23,0,0,8972
1655813619389,8942,[PET] GET PET BY ID,Non HTTP response code: java.net.SocketException,Non HTTP response message: Socket operation on nonsocket: connect,Clients 1-100,text,false,,2446,0,141,141,http://192.168.0.198:8080/v1/pet/59,0,0,8942
1655813619926,8406,[PET] GET PET BY ID,Non HTTP response code: java.net.SocketException,Non HTTP response message: Socket operation on nonsocket: connect,Clients 1-21,text,false,,2446,0,140,140,http://192.168.0.198:8080/v1/pet/19,0,0,8406
1655813619500,8832,[PET] GET PET BY ID,Non HTTP response code: java.net.SocketException,Non HTTP response message: Socket operation on nonsocket: connect,Clients 1-76,text,false,,2446,0,139,139,http://192.168.0.198:8080/v1/pet/56,0,0,8832
1655813619351,8980,[PET] GET PET BY ID,Non HTTP response code: java.net.SocketException,Non HTTP response message: Socket operation on nonsocket: connect,Clients 1-107,text,false,,2446,0,138,138,http://192.168.0.198:8080/v1/pet/19,0,0,8980
1655813619996,8336,[PET] GET PET BY ID,Non HTTP response code: java.net.SocketException,Non HTTP response message: Socket operation on nonsocket: connect,Clients 1-7,text,false,,2446,0,138,138,http://192.168.0.198:8080/v1/pet/45,0,0,8336
1655813619777,8556,[PET] GET PET BY ID,Non HTTP response code: java.net.SocketException,Non HTTP response message: Socket operation on nonsocket: connect,Clients 1-35,text,false,,2446,0,136,136,http://192.168.0.198:8080/v1/pet/24,0,0,8556
1655813619607,8726,[PET] GET PET BY ID,Non HTTP response code: java.net.SocketException,Non HTTP response message: Socket operation on nonsocket: connect,Clients 1-61,text,false,,2446,0,136,136,http://192.168.0.198:8080/v1/pet/20,0,0,8726
1655813619835,8498,[PET] GET PET BY ID,Non HTTP response code: java.net.SocketException,Non HTTP response message: Socket operation on nonsocket: connect,Clients 1-24,text,false,,2446,0,135,135,http://192.168.0.198:8080/v1/pet/48,0,0,8498
1655813620066,8267,[PET] GET PET BY ID,Non HTTP response code: java.net.SocketException,Non HTTP response message: Socket operation on nonsocket: connect,Clients 1-2,text,false,,2446,0,133,133,http://192.168.0.198:8080/v1/pet/96,0,0,8267
1655813619606,8727,[PET] GET PET BY ID,Non HTTP response code: java.net.SocketException,Non HTTP response message: Socket operation on nonsocket: connect,Clients 1-63,text,false,,2446,0,133,133,http://192.168.0.198:8080/v1/pet/57,0,0,8727
1655813619382,8951,[PET] GET PET BY ID,Non HTTP response code: java.net.SocketException,Non HTTP response message: Socket operation on nonsocket: connect,Clients 1-89,text,false,,2446,0,132,132,http://192.168.0.198:8080/v1/pet/49,0,0,8951
1655813619250,9083,[PET] GET PET BY ID,Non HTTP response code: java.net.SocketException,Non HTTP response message: Socket operation on nonsocket: connect,Clients 1-114,text,false,,2446,0,130,130,http://192.168.0.198:8080/v1/pet/80,0,0,9083
1655813619845,8489,[PET] GET PET BY ID,Non HTTP response code: java.net.SocketException,Non HTTP response message: Socket operation on nonsocket: connect,Clients 1-27,text,false,,2446,0,130,130,http://192.168.0.198:8080/v1/pet/16,0,0,8489
1655813619602,8732,[PET] GET PET BY ID,Non HTTP response code: java.net.SocketException,Non HTTP response message: Socket operation on nonsocket: connect,Clients 1-62,text,false,,2446,0,129,129,http://192.168.0.198:8080/v1/pet/31,0,0,8732
1655813619567,8768,[PET] GET PET BY ID,Non HTTP response code: java.net.SocketException,Non HTTP response message: Socket operation on nonsocket: connect,Clients 1-72,text,false,,2446,0,127,127,http://192.168.0.198:8080/v1/pet/87,0,0,8768
1655813619085,9249,[PET] GET PET BY ID,Non HTTP response code: java.net.SocketException,Non HTTP response message: Socket operation on nonsocket: connect,Clients 1-133,text,false,,2446,0,126,126,http://192.168.0.198:8080/v1/pet/7,0,0,9249
1655813619545,8790,[PET] GET PET BY ID,Non HTTP response code: java.net.SocketException,Non HTTP response message: Socket operation on nonsocket: connect,Clients 1-75,text,false,,2446,0,125,125,http://192.168.0.198:8080/v1/pet/76,0,0,8790
1655813619355,8979,[PET] GET PET BY ID,Non HTTP response code: java.net.SocketException,Non HTTP response message: Socket operation on nonsocket: connect,Clients 1-102,text,false,,2446,0,125,125,http://192.168.0.198:8080/v1/pet/59,0,0,8979
1655813619301,9033,[PET] GET PET BY ID,Non HTTP response code: java.net.SocketException,Non HTTP response message: Socket operation on nonsocket: connect,Clients 1-104,text,false,,2446,0,123,123,http://192.168.0.198:8080/v1/pet/82,0,0,9033
1655813619796,8540,[PET] GET PET BY ID,Non HTTP response code: java.net.SocketException,Non HTTP response message: Socket operation on nonsocket: connect,Clients 1-28,text,false,,2446,0,123,123,http://192.168.0.198:8080/v1/pet/46,0,0,8540
1655813619725,8611,[PET] GET PET BY ID,Non HTTP response code: java.net.SocketException,Non HTTP response message: Socket operation on nonsocket: connect,Clients 1-52,text,false,,2446,0,122,122,http://192.168.0.198:8080/v1/pet/71,0,0,8611
1655813619952,8384,[PET] GET PET BY ID,Non HTTP response code: java.net.SocketException,Non HTTP response message: Socket operation on nonsocket: connect,Clients 1-14,text,false,,2446,0,120,120,http://192.168.0.198:8080/v1/pet/21,0,0,8384
1655813619801,8535,[PET] GET PET BY ID,Non HTTP response code: java.net.SocketException,Non HTTP response message: Socket operation on nonsocket: connect,Clients 1-26,text,false,,2446,0,119,119,http://192.168.0.198:8080/v1/pet/29,0,0,8535
1655813619234,9101,[PET] GET PET BY ID,Non HTTP response code: java.net.SocketException,Non HTTP response message: Socket operation on nonsocket: connect,Clients 1-112,text,false,,2446,0,119,119,http://192.168.0.198:8080/v1/pet/61,0,0,9101
1655813620027,8310,[PET] GET PET BY ID,Non HTTP response code: java.net.SocketException,Non HTTP response message: Socket operation on nonsocket: connect,Clients 1-6,text,false,,2446,0,117,117,http://192.168.0.198:8080/v1/pet/89,0,0,8310
1655813619338,8998,[PET] GET PET BY ID,Non HTTP response code: java.net.SocketException,Non HTTP response message: Socket operation on nonsocket: connect,Clients 1-106,text,false,,2446,0,117,117,http://192.168.0.198:8080/v1/pet/100,0,0,8998
1655813619166,9170,[PET] GET PET BY ID,Non HTTP response code: java.net.SocketException,Non HTTP response message: Socket operation on nonsocket: connect,Clients 1-123,text,false,,2446,0,117,117,http://192.168.0.198:8080/v1/pet/76,0,0,9170
1655813619024,9312,[PET] GET PET BY ID,Non HTTP response code: java.net.SocketException,Non HTTP response message: Socket operation on nonsocket: connect,Clients 1-143,text,false,,2446,0,114,114,http://192.168.0.198:8080/v1/pet/99,0,0,9312
1655813619103,9234,[PET] GET PET BY ID,Non HTTP response code: java.net.SocketException,Non HTTP response message: Socket operation on nonsocket: connect,Clients 1-140,text,false,,2446,0,114,114,http://192.168.0.198:8080/v1/pet/14,0,0,9234
1655813619383,8954,[PET] GET PET BY ID,Non HTTP response code: java.net.SocketException,Non HTTP response message: Socket operation on nonsocket: connect,Clients 1-95,text,false,,2446,0,113,113,http://192.168.0.198:8080/v1/pet/68,0,0,8954
1655813619502,8836,[PET] GET PET BY ID,Non HTTP response code: java.net.SocketException,Non HTTP response message: Socket operation on nonsocket: connect,Clients 1-82,text,false,,2446,0,111,111,http://192.168.0.198:8080/v1/pet/94,0,0,8836
1655813619225,9136,[PET] GET PET BY ID,Non HTTP response code: java.net.SocketException,Non HTTP response message: Socket operation on nonsocket: connect,Clients 1-117,text,false,,2446,0,111,111,http://192.168.0.198:8080/v1/pet/48,0,0,9136
1655813619813,8549,[PET] GET PET BY ID,Non HTTP response code: java.net.SocketException,Non HTTP response message: Socket operation on nonsocket: connect,Clients 1-37,text,false,,2446,0,109,109,http://192.168.0.198:8080/v1/pet/23,0,0,8549
1655813619469,8892,[PET] GET PET BY ID,Non HTTP response code: java.net.SocketException,Non HTTP response message: Socket operation on nonsocket: connect,Clients 1-84,text,false,,2446,0,109,109,http://192.168.0.198:8080/v1/pet/43,0,0,8892
1655813619232,9129,[PET] GET PET BY ID,Non HTTP response code: java.net.SocketException,Non HTTP response message: Socket operation on nonsocket: connect,Clients 1-124,text,false,,2446,0,108,108,http://192.168.0.198:8080/v1/pet/55,0,0,9129
1655813619749,8613,[PET] GET PET BY ID,Non HTTP response code: java.net.SocketException,Non HTTP response message: Socket operation on nonsocket: connect,Clients 1-45,text,false,,2446,0,107,107,http://192.168.0.198:8080/v1/pet/70,0,0,8613
1655813619816,8547,[PET] GET PET BY ID,Non HTTP response code: java.net.SocketException,Non HTTP response message: Socket operation on nonsocket: connect,Clients 1-36,text,false,,2446,0,106,106,http://192.168.0.198:8080/v1/pet/14,0,0,8546
1655813619106,9256,[PET] GET PET BY ID,Non HTTP response code: java.net.SocketException,Non HTTP response message: Socket operation on nonsocket: connect,Clients 1-136,text,false,,2446,0,104,104,http://192.168.0.198:8080/v1/pet/86,0,0,9256
1655813619116,9246,[PET] GET PET BY ID,Non HTTP response code: java.net.SocketException,Non HTTP response message: Socket operation on nonsocket: connect,Clients 1-131,text,false,,2446,0,103,103,http://192.168.0.198:8080/v1/pet/59,0,0,9246
1655813619116,9246,[PET] GET PET BY ID,Non HTTP response code: java.net.SocketException,Non HTTP response message: Socket operation on nonsocket: connect,Clients 1-129,text,false,,2446,0,103,103,http://192.168.0.198:8080/v1/pet/38,0,0,9246
1655813619752,8611,[PET] GET PET BY ID,Non HTTP response code: java.net.SocketException,Non HTTP response message: Socket operation on nonsocket: connect,Clients 1-40,text,false,,2446,0,103,103,http://192.168.0.198:8080/v1/pet/84,0,0,8611
1655813619688,8675,[PET] GET PET BY ID,Non HTTP response code: java.net.SocketException,Non HTTP response message: Socket operation on nonsocket: connect,Clients 1-47,text,false,,2446,0,101,101,http://192.168.0.198:8080/v1/pet/24,0,0,8675
1655813619988,8375,[PET] GET PET BY ID,Non HTTP response code: java.net.SocketException,Non HTTP response message: Socket operation on nonsocket: connect,Clients 1-9,text,false,,2446,0,100,100,http://192.168.0.198:8080/v1/pet/73,0,0,8375
1655813619346,9017,[PET] GET PET BY ID,Non HTTP response code: java.net.SocketException,Non HTTP response message: Socket operation on nonsocket: connect,Clients 1-103,text,false,,2446,0,98,98,http://192.168.0.198:8080/v1/pet/63,0,0,9017
1655813619013,9350,[PET] GET PET BY ID,Non HTTP response code: java.net.SocketException,Non HTTP response message: Socket operation on nonsocket: connect,Clients 1-148,text,false,,2446,0,98,98,http://192.168.0.198:8080/v1/pet/5,0,0,9350
1655813619971,8393,[PET] GET PET BY ID,Non HTTP response code: java.net.SocketException,Non HTTP response message: Socket operation on nonsocket: connect,Clients 1-13,text,false,,2446,0,96,96,http://192.168.0.198:8080/v1/pet/61,0,0,8393
1655813619455,8908,[PET] GET PET BY ID,Non HTTP response code: java.net.SocketException,Non HTTP response message: Socket operation on nonsocket: connect,Clients 1-87,text,false,,2446,0,95,95,http://192.168.0.198:8080/v1/pet/11,0,0,8908
1655813619053,9311,[PET] GET PET BY ID,Non HTTP response code: java.net.SocketException,Non HTTP response message: Socket operation on nonsocket: connect,Clients 1-142,text,false,,2446,0,95,95,http://192.168.0.198:8080/v1/pet/85,0,0,9311
1655813619985,8380,[PET] GET PET BY ID,Non HTTP response code: java.net.SocketException,Non HTTP response message: Socket operation on nonsocket: connect,Clients 1-8,text,false,,2446,0,94,94,http://192.168.0.198:8080/v1/pet/44,0,0,8380
1655813619647,8718,[PET] GET PET BY ID,Non HTTP response code: java.net.SocketException,Non HTTP response message: Socket operation on nonsocket: connect,Clients 1-60,text,false,,2446,0,93,93,http://192.168.0.198:8080/v1/pet/82,0,0,8718
1655813619453,8911,[PET] GET PET BY ID,Non HTTP response code: java.net.SocketException,Non HTTP response message: Socket operation on nonsocket: connect,Clients 1-86,text,false,,2446,0,91,91,http://192.168.0.198:8080/v1/pet/52,0,0,8911
1655813619545,8821,[PET] GET PET BY ID,Non HTTP response code: java.net.SocketException,Non HTTP response message: Socket operation on nonsocket: connect,Clients 1-67,text,false,,2446,0,90,90,http://192.168.0.198:8080/v1/pet/45,0,0,8821
1655813619267,9098,[PET] GET PET BY ID,Non HTTP response code: java.net.SocketException,Non HTTP response message: Socket operation on nonsocket: connect,Clients 1-110,text,false,,2446,0,90,90,http://192.168.0.198:8080/v1/pet/68,0,0,9098
1655813619947,8419,[PET] GET PET BY ID,Non HTTP response code: java.net.SocketException,Non HTTP response message: Socket operation on nonsocket: connect,Clients 1-18,text,false,,2446,0,88,88,http://192.168.0.198:8080/v1/pet/20,0,0,8419
1655813619382,8983,[PET] GET PET BY ID,Non HTTP response code: java.net.SocketException,Non HTTP response message: Socket operation on nonsocket: connect,Clients 1-101,text,false,,2446,0,88,88,http://192.168.0.198:8080/v1/pet/98,0,0,8983
1655813619532,8834,[PET] GET PET BY ID,Non HTTP response code: java.net.SocketException,Non HTTP response message: Socket operation on nonsocket: connect,Clients 1-73,text,false,,2446,0,86,86,http://192.168.0.198:8080/v1/pet/68,0,0,8834
1655813619957,8410,[PET] GET PET BY ID,Non HTTP response code: java.net.SocketException,Non HTTP response message: Socket operation on nonsocket: connect,Clients 1-10,text,false,,2446,0,85,85,http://192.168.0.198:8080/v1/pet/30,0,0,8410
1655813619107,9259,[PET] GET PET BY ID,Non HTTP response code: java.net.SocketException,Non HTTP response message: Socket operation on nonsocket: connect,Clients 1-139,text,false,,2446,0,85,85,http://192.168.0.198:8080/v1/pet/75,0,0,9259
1655813619137,9229,[PET] GET PET BY ID,Non HTTP response code: java.net.SocketException,Non HTTP response message: Socket operation on nonsocket: connect,Clients 1-126,text,false,,2446,0,83,83,http://192.168.0.198:8080/v1/pet/78,0,0,9229
1655813619885,8483,[PET] GET PET BY ID,Non HTTP response code: java.net.SocketException,Non HTTP response message: Socket operation on nonsocket: connect,Clients 1-25,text,false,,2446,0,83,83,http://192.168.0.198:8080/v1/pet/32,0,0,8483
1655813619015,9353,[PET] GET PET BY ID,Non HTTP response code: java.net.SocketException,Non HTTP response message: Socket operation on nonsocket: connect,Clients 1-144,text,false,,2446,0,82,82,http://192.168.0.198:8080/v1/pet/64,0,0,9353
1655813619957,8412,[PET] GET PET BY ID,Non HTTP response code: java.net.SocketException,Non HTTP response message: Socket operation on nonsocket: connect,Clients 1-16,text,false,,2446,0,81,81,http://192.168.0.198:8080/v1/pet/15,0,0,8412
1655813619443,8925,[PET] GET PET BY ID,Non HTTP response code: java.net.SocketException,Non HTTP response message: Socket operation on nonsocket: connect,Clients 1-92,text,false,,2446,0,79,79,http://192.168.0.198:8080/v1/pet/38,0,0,8925
1655813619011,9357,[PET] GET PET BY ID,Non HTTP response code: java.net.SocketException,Non HTTP response message: Socket operation on nonsocket: connect,Clients 1-150,text,false,,2446,0,78,78,http://192.168.0.198:8080/v1/pet/67,0,0,9357
1655813619971,8398,[PET] GET PET BY ID,Non HTTP response code: java.net.SocketException,Non HTTP response message: Socket operation on nonsocket: connect,Clients 1-5,text,false,,2446,0,78,78,http://192.168.0.198:8080/v1/pet/95,0,0,8398
1655813619877,8493,[PET] GET PET BY ID,Non HTTP response code: java.net.SocketException,Non HTTP response message: Socket operation on nonsocket: connect,Clients 1-19,text,false,,2446,0,77,77,http://192.168.0.198:8080/v1/pet/99,0,0,8493
1655813619731,8639,[PET] GET PET BY ID,Non HTTP response code: java.net.SocketException,Non HTTP response message: Socket operation on nonsocket: connect,Clients 1-44,text,false,,2446,0,76,76,http://192.168.0.198:8080/v1/pet/2,0,0,8639
1655813619168,9201,[PET] GET PET BY ID,Non HTTP response code: java.net.SocketException,Non HTTP response message: Socket operation on nonsocket: connect,Clients 1-121,text,false,,2446,0,75,75,http://192.168.0.198:8080/v1/pet/70,0,0,9201
1655813619319,9050,[PET] GET PET BY ID,Non HTTP response code: java.net.SocketException,Non HTTP response message: Socket operation on nonsocket: connect,Clients 1-108,text,false,,2446,0,73,73,http://192.168.0.198:8080/v1/pet/95,0,0,9050
1655813619303,9066,[PET] GET PET BY ID,Non HTTP response code: java.net.SocketException,Non HTTP response message: Socket operation on nonsocket: connect,Clients 1-111,text,false,,2446,0,73,73,http://192.168.0.198:8080/v1/pet/8,0,0,9066
1655813619481,8889,[PET] GET PET BY ID,Non HTTP response code: java.net.SocketException,Non HTTP response message: Socket operation on nonsocket: connect,Clients 1-80,text,false,,2446,0,72,72,http://192.168.0.198:8080/v1/pet/86,0,0,8889
1655813619727,8644,[PET] GET PET BY ID,Non HTTP response code: java.net.SocketException,Non HTTP response message: Socket operation on nonsocket: connect,Clients 1-49,text,false,,2446,0,71,71,http://192.168.0.198:8080/v1/pet/11,0,0,8644
1655813619519,8852,[PET] GET PET BY ID,Non HTTP response code: java.net.SocketException,Non HTTP response message: Socket operation on nonsocket: connect,Clients 1-79,text,false,,2446,0,70,70,http://192.168.0.198:8080/v1/pet/46,0,0,8852
1655813619709,8662,[PET] GET PET BY ID,Non HTTP response code: java.net.SocketException,Non HTTP response message: Socket operation on nonsocket: connect,Clients 1-43,text,false,,2446,0,68,68,http://192.168.0.198:8080/v1/pet/100,0,0,8662
1655813619782,8589,[PET] GET PET BY ID,Non HTTP response code: java.net.SocketException,Non HTTP response message: Socket operation on nonsocket: connect,Clients 1-34,text,false,,2446,0,67,67,http://192.168.0.198:8080/v1/pet/5,0,0,8589
1655813619315,9056,[PET] GET PET BY ID,Non HTTP response code: java.net.SocketException,Non HTTP response message: Socket operation on nonsocket: connect,Clients 1-109,text,false,,2446,0,67,67,http://192.168.0.198:8080/v1/pet/30,0,0,9056
1655813619784,8588,[PET] GET PET BY ID,Non HTTP response code: java.net.SocketException,Non HTTP response message: Socket operation on nonsocket: connect,Clients 1-38,text,false,,2446,0,65,65,http://192.168.0.198:8080/v1/pet/50,0,0,8588
1655813619795,8577,[PET] GET PET BY ID,Non HTTP response code: java.net.SocketException,Non HTTP response message: Socket operation on nonsocket: connect,Clients 1-33,text,false,,2446,0,65,65,http://192.168.0.198:8080/v1/pet/88,0,0,8577
1655813619159,9212,[PET] GET PET BY ID,Non HTTP response code: java.net.SocketException,Non HTTP response message: Socket operation on nonsocket: connect,Clients 1-127,text,false,,2446,0,64,63,http://192.168.0.198:8080/v1/pet/46,0,0,9212
1655813619393,8978,[PET] GET PET BY ID,Non HTTP response code: java.net.SocketException,Non HTTP response message: Socket operation on nonsocket: connect,Clients 1-97,text,false,,2446,0,63,63,http://192.168.0.198:8080/v1/pet/69,0,0,8978
1655813619128,9243,[PET] GET PET BY ID,Non HTTP response code: java.net.SocketException,Non HTTP response message: Socket operation on nonsocket: connect,Clients 1-141,text,false,,2446,0,61,61,http://192.168.0.198:8080/v1/pet/9,0,0,9243
1655813619114,9257,[PET] GET PET BY ID,Non HTTP response code: java.net.SocketException,Non HTTP response message: Socket operation on nonsocket: connect,Clients 1-134,text,false,,2446,0,61,61,http://192.168.0.198:8080/v1/pet/12,0,0,9257
1655813619675,8698,[PET] GET PET BY ID,Non HTTP response code: java.net.SocketException,Non HTTP response message: Socket operation on nonsocket: connect,Clients 1-51,text,false,,2446,0,60,60,http://192.168.0.198:8080/v1/pet/20,0,0,8698
1655813619550,8823,[PET] GET PET BY ID,Non HTTP response code: java.net.SocketException,Non HTTP response message: Socket operation on nonsocket: connect,Clients 1-69,text,false,,2446,0,58,58,http://192.168.0.198:8080/v1/pet/7,0,0,8823
1655813619055,9317,[PET] GET PET BY ID,Non HTTP response code: java.net.SocketException,Non HTTP response message: Socket operation on nonsocket: connect,Clients 1-146,text,false,,2446,0,58,58,http://192.168.0.198:8080/v1/pet/18,0,0,9317
1655813619592,8781,[PET] GET PET BY ID,Non HTTP response code: java.net.SocketException,Non HTTP response message: Socket operation on nonsocket: connect,Clients 1-57,text,false,,2446,0,57,57,http://192.168.0.198:8080/v1/pet/52,0,0,8781
1655813619066,9306,[PET] GET PET BY ID,Non HTTP response code: java.net.SocketException,Non HTTP response message: Socket operation on nonsocket: connect,Clients 1-137,text,false,,2446,0,56,56,http://192.168.0.198:8080/v1/pet/9,0,0,9306
1655813619898,8476,[PET] GET PET BY ID,Non HTTP response code: java.net.SocketException,Non HTTP response message: Socket operation on nonsocket: connect,Clients 1-15,text,false,,2446,0,54,54,http://192.168.0.198:8080/v1/pet/13,0,0,8476
1655813619656,8718,[PET] GET PET BY ID,Non HTTP response code: java.net.SocketException,Non HTTP response message: Socket operation on nonsocket: connect,Clients 1-55,text,false,,2446,0,53,53,http://192.168.0.198:8080/v1/pet/49,0,0,8718
1655813619546,8828,[PET] GET PET BY ID,Non HTTP response code: java.net.SocketException,Non HTTP response message: Socket operation on nonsocket: connect,Clients 1-65,text,false,,2446,0,53,53,http://192.168.0.198:8080/v1/pet/93,0,0,8828
1655813619317,9056,[PET] GET PET BY ID,Non HTTP response code: java.net.SocketException,Non HTTP response message: Socket operation on nonsocket: connect,Clients 1-113,text,false,,2446,0,52,52,http://192.168.0.198:8080/v1/pet/77,0,0,9056
1655813619334,9040,[PET] GET PET BY ID,Non HTTP response code: java.net.SocketException,Non HTTP response message: Socket operation on nonsocket: connect,Clients 1-96,text,false,,2446,0,50,50,http://192.168.0.198:8080/v1/pet/19,0,0,9040
1655813619833,8542,[PET] GET PET BY ID,Non HTTP response code: java.net.SocketException,Non HTTP response message: Socket operation on nonsocket: connect,Clients 1-22,text,false,,2446,0,49,49,http://192.168.0.198:8080/v1/pet/1,0,0,8542
1655813619558,8817,[PET] GET PET BY ID,Non HTTP response code: java.net.SocketException,Non HTTP response message: Socket operation on nonsocket: connect,Clients 1-74,text,false,,2446,0,48,48,http://192.168.0.198:8080/v1/pet/21,0,0,8817
1655813619366,9008,[PET] GET PET BY ID,Non HTTP response code: java.net.SocketException,Non HTTP response message: Socket operation on nonsocket: connect,Clients 1-91,text,false,,2446,0,48,48,http://192.168.0.198:8080/v1/pet/79,0,0,9008
1655813619518,8857,[PET] GET PET BY ID,Non HTTP response code: java.net.SocketException,Non HTTP response message: Socket operation on nonsocket: connect,Clients 1-71,text,false,,2446,0,46,46,http://192.168.0.198:8080/v1/pet/19,0,0,8857
1655813619017,9357,[PET] GET PET BY ID,Non HTTP response code: java.net.SocketException,Non HTTP response message: Socket operation on nonsocket: connect,Clients 1-149,text,false,,2446,0,46,46,http://192.168.0.198:8080/v1/pet/31,0,0,9357
1655813619249,9126,[PET] GET PET BY ID,Non HTTP response code: java.net.SocketException,Non HTTP response message: Socket operation on nonsocket: connect,Clients 1-122,text,false,,2446,0,46,46,http://192.168.0.198:8080/v1/pet/42,0,0,9126
1655813619239,9136,[PET] GET PET BY ID,Non HTTP response code: java.net.SocketException,Non HTTP response message: Socket operation on nonsocket: connect,Clients 1-119,text,false,,2446,0,44,44,http://192.168.0.198:8080/v1/pet/44,0,0,9136
1655813619939,8437,[PET] GET PET BY ID,Non HTTP response code: java.net.SocketException,Non HTTP response message: Socket operation on nonsocket: connect,Clients 1-11,text,false,,2446,0,42,42,http://192.168.0.198:8080/v1/pet/97,0,0,8437
1655813619607,8769,[PET] GET PET BY ID,Non HTTP response code: java.net.SocketException,Non HTTP response message: Socket operation on nonsocket: connect,Clients 1-56,text,false,,2446,0,41,41,http://192.168.0.198:8080/v1/pet/85,0,0,8769
1655813619139,9236,[PET] GET PET BY ID,Non HTTP response code: java.net.SocketException,Non HTTP response message: Socket operation on nonsocket: connect,Clients 1-125,text,false,,2446,0,41,41,http://192.168.0.198:8080/v1/pet/40,0,0,9236
1655813619527,8849,[PET] GET PET BY ID,Non HTTP response code: java.net.SocketException,Non HTTP response message: Socket operation on nonsocket: connect,Clients 1-81,text,false,,2446,0,40,40,http://192.168.0.198:8080/v1/pet/91,0,0,8849
1655813619198,9177,[PET] GET PET BY ID,Non HTTP response code: java.net.SocketException,Non HTTP response message: Socket operation on nonsocket: connect,Clients 1-130,text,false,,2446,0,39,39,http://192.168.0.198:8080/v1/pet/27,0,0,9177
1655813620029,8348,[PET] GET PET BY ID,Non HTTP response code: java.net.SocketException,Non HTTP response message: Socket operation on nonsocket: connect,Clients 1-1,text,false,,2446,0,37,37,http://192.168.0.198:8080/v1/pet/8,0,0,8348
1655813619460,8916,[PET] GET PET BY ID,Non HTTP response code: java.net.SocketException,Non HTTP response message: Socket operation on nonsocket: connect,Clients 1-77,text,false,,2446,0,36,36,http://192.168.0.198:8080/v1/pet/85,0,0,8916
1655813619729,8648,[PET] GET PET BY ID,Non HTTP response code: java.net.SocketException,Non HTTP response message: Socket operation on nonsocket: connect,Clients 1-42,text,false,,2446,0,36,36,http://192.168.0.198:8080/v1/pet/36,0,0,8648
1655813619860,8517,[PET] GET PET BY ID,Non HTTP response code: java.net.SocketException,Non HTTP response message: Socket operation on nonsocket: connect,Clients 1-31,text,false,,2446,0,35,35,http://192.168.0.198:8080/v1/pet/67,0,0,8517
1655813619187,9189,[PET] GET PET BY ID,Non HTTP response code: java.net.SocketException,Non HTTP response message: Socket operation on nonsocket: connect,Clients 1-132,text,false,,2446,0,33,33,http://192.168.0.198:8080/v1/pet/10,0,0,9189
1655813619079,9297,[PET] GET PET BY ID,Non HTTP response code: java.net.SocketException,Non HTTP response message: Socket operation on nonsocket: connect,Clients 1-138,text,false,,2446,0,33,33,http://192.168.0.198:8080/v1/pet/94,0,0,9297
1655813619602,8776,[PET] GET PET BY ID,Non HTTP response code: java.net.SocketException,Non HTTP response message: Socket operation on nonsocket: connect,Clients 1-59,text,false,,2446,0,31,31,http://192.168.0.198:8080/v1/pet/93,0,0,8776
1655813619350,9027,[PET] GET PET BY ID,Non HTTP response code: java.net.SocketException,Non HTTP response message: Socket operation on nonsocket: connect,Clients 1-105,text,false,,2446,0,31,31,http://192.168.0.198:8080/v1/pet/65,0,0,9027
1655813619674,8704,[PET] GET PET BY ID,Non HTTP response code: java.net.SocketException,Non HTTP response message: Socket operation on nonsocket: connect,Clients 1-54,text,false,,2446,0,29,29,http://192.168.0.198:8080/v1/pet/12,0,0,8704
1655813619883,8495,[PET] GET PET BY ID,Non HTTP response code: java.net.SocketException,Non HTTP response message: Socket operation on nonsocket: connect,Clients 1-23,text,false,,2446,0,28,28,http://192.168.0.198:8080/v1/pet/97,0,0,8495
1655813619862,8516,[PET] GET PET BY ID,Non HTTP response code: java.net.SocketException,Non HTTP response message: Socket operation on nonsocket: connect,Clients 1-20,text,false,,2446,0,28,28,http://192.168.0.198:8080/v1/pet/69,0,0,8516
1655813619133,9244,[PET] GET PET BY ID,Non HTTP response code: java.net.SocketException,Non HTTP response message: Socket operation on nonsocket: connect,Clients 1-135,text,false,,2446,0,27,27,http://192.168.0.198:8080/v1/pet/71,0,0,9244
1655813619250,9128,[PET] GET PET BY ID,Non HTTP response code: java.net.SocketException,Non HTTP response message: Socket operation on nonsocket: connect,Clients 1-118,text,false,,2446,0,25,25,http://192.168.0.198:8080/v1/pet/51,0,0,9128
1655813619759,8620,[PET] GET PET BY ID,Non HTTP response code: java.net.SocketException,Non HTTP response message: Socket operation on nonsocket: connect,Clients 1-39,text,false,,2446,0,24,24,http://192.168.0.198:8080/v1/pet/10,0,0,8620
1655813619376,9002,[PET] GET PET BY ID,Non HTTP response code: java.net.SocketException,Non HTTP response message: Socket operation on nonsocket: connect,Clients 1-94,text,false,,2446,0,24,24,http://192.168.0.198:8080/v1/pet/52,0,0,9002
1655813619749,8630,[PET] GET PET BY ID,Non HTTP response code: java.net.SocketException,Non HTTP response message: Socket operation on nonsocket: connect,Clients 1-41,text,false,,2446,0,22,22,http://192.168.0.198:8080/v1/pet/48,0,0,8630
1655813619802,8577,[PET] GET PET BY ID,Non HTTP response code: java.net.SocketException,Non HTTP response message: Socket operation on nonsocket: connect,Clients 1-30,text,false,,2446,0,21,21,http://192.168.0.198:8080/v1/pet/68,0,0,8577
1655813619668,8711,[PET] GET PET BY ID,Non HTTP response code: java.net.SocketException,Non HTTP response message: Socket operation on nonsocket: connect,Clients 1-50,text,false,,2446,0,21,21,http://192.168.0.198:8080/v1/pet/3,0,0,8711
1655813619220,9159,[PET] GET PET BY ID,Non HTTP response code: java.net.SocketException,Non HTTP response message: Socket operation on nonsocket: connect,Clients 1-115,text,false,,2446,0,20,20,http://192.168.0.198:8080/v1/pet/75,0,0,9159
1655813619207,9172,[PET] GET PET BY ID,Non HTTP response code: java.net.SocketException,Non HTTP response message: Socket operation on nonsocket: connect,Clients 1-128,text,false,,2446,0,18,18,http://192.168.0.198:8080/v1/pet/80,0,0,9172
1655813619204,9175,[PET] GET PET BY ID,Non HTTP response code: java.net.SocketException,Non HTTP response message: Socket operation on nonsocket: connect,Clients 1-116,text,false,,2446,0,17,17,http://192.168.0.198:8080/v1/pet/93,0,0,9175
1655813619389,8990,[PET] GET PET BY ID,Non HTTP response code: java.net.SocketException,Non HTTP response message: Socket operation on nonsocket: connect,Clients 1-88,text,false,,2446,0,16,16,http://192.168.0.198:8080/v1/pet/39,0,0,8990
1655813619404,8975,[PET] GET PET BY ID,Non HTTP response code: java.net.SocketException,Non HTTP response message: Socket operation on nonsocket: connect,Clients 1-98,text,false,,2446,0,16,16,http://192.168.0.198:8080/v1/pet/61,0,0,8975
1655813619952,8428,[PET] GET PET BY ID,Non HTTP response code: java.net.SocketException,Non HTTP response message: Socket operation on nonsocket: connect,Clients 1-12,text,false,,2446,0,14,14,http://192.168.0.198:8080/v1/pet/37,0,0,8428
1655813619585,8796,[PET] GET PET BY ID,Non HTTP response code: java.net.SocketException,Non HTTP response message: Socket operation on nonsocket: connect,Clients 1-68,text,false,,2446,0,14,14,http://192.168.0.198:8080/v1/pet/90,0,0,8796
1655813619480,8901,[PET] GET PET BY ID,Non HTTP response code: java.net.SocketException,Non HTTP response message: Socket operation on nonsocket: connect,Clients 1-85,text,false,,2446,0,13,13,http://192.168.0.198:8080/v1/pet/87,0,0,8901
1655813619539,8842,[PET] GET PET BY ID,Non HTTP response code: java.net.SocketException,Non HTTP response message: Socket operation on nonsocket: connect,Clients 1-66,text,false,,2446,0,12,12,http://192.168.0.198:8080/v1/pet/58,0,0,8842
1655813619034,9346,[PET] GET PET BY ID,Non HTTP response code: java.net.SocketException,Non HTTP response message: Socket operation on nonsocket: connect,Clients 1-147,text,false,,2446,0,10,10,http://192.168.0.198:8080/v1/pet/38,0,0,9346
1655813619719,8662,[PET] GET PET BY ID,Non HTTP response code: java.net.SocketException,Non HTTP response message: Socket operation on nonsocket: connect,Clients 1-48,text,false,,2446,0,10,10,http://192.168.0.198:8080/v1/pet/61,0,0,8662
1655813619234,9146,[PET] GET PET BY ID,Non HTTP response code: java.net.SocketException,Non HTTP response message: Socket operation on nonsocket: connect,Clients 1-120,text,false,,2446,0,9,9,http://192.168.0.198:8080/v1/pet/91,0,0,9146
1655813619572,8810,[PET] GET PET BY ID,Non HTTP response code: java.net.SocketException,Non HTTP response message: Socket operation on nonsocket: connect,Clients 1-64,text,false,,2446,0,8,8,http://192.168.0.198:8080/v1/pet/3,0,0,8810
1655813619999,8383,[PET] GET PET BY ID,Non HTTP response code: java.net.SocketException,Non HTTP response message: Socket operation on nonsocket: connect,Clients 1-4,text,false,,2446,0,6,6,http://192.168.0.198:8080/v1/pet/55,0,0,8383
1655813619512,8870,[PET] GET PET BY ID,Non HTTP response code: java.net.SocketException,Non HTTP response message: Socket operation on nonsocket: connect,Clients 1-78,text,false,,2446,0,5,5,http://192.168.0.198:8080/v1/pet/81,0,0,8870
1655813619751,8631,[PET] GET PET BY ID,Non HTTP response code: java.net.SocketException,Non HTTP response message: Socket operation on nonsocket: connect,Clients 1-46,text,false,,2446,0,5,5,http://192.168.0.198:8080/v1/pet/98,0,0,8631
1655813619515,8867,[PET] GET PET BY ID,Non HTTP response code: java.net.SocketException,Non HTTP response message: Socket operation on nonsocket: connect,Clients 1-83,text,false,,2446,0,3,3,http://192.168.0.198:8080/v1/pet/93,0,0,8867
1655813619876,8506,[PET] GET PET BY ID,Non HTTP response code: java.net.SocketException,Non HTTP response message: Socket operation on nonsocket: connect,Clients 1-17,text,false,,2446,0,2,2,http://192.168.0.198:8080/v1/pet/31,0,0,8506
1655813619384,8998,[PET] GET PET BY ID,Non HTTP response code: java.net.SocketException,Non HTTP response message: Socket operation on nonsocket: connect,Clients 1-99,text,false,,2446,0,1,1,http://192.168.0.198:8080/v1/pet/76,0,0,8998
